<?xml version="1.0" encoding="UTF-8"?>
<!DOCTYPE suite SYSTEM "http://testng.org/testng-1.0.dtd">
<suite name="Suite" parallel="tests">
  <test thread-count="5" name="Test1">
  <parameter name="browser" value="chrome"/>
    <classes>
      <class name="seleniumgriddemo.GirdDemo"/>
    </classes>
  </test> <!-- Test -->
  <test thread-count="5" name="Test2">
  <parameter name="browser" value="firefox"/>
    <classes>
      <class name="seleniumgriddemo.GirdDemo"/>
    </classes>
  </test> <!-- Test -->
  <test thread-count="5" name="Test3">
  <parameter name="browser" value="ie"/>
    <classes>
      <class name="seleniumgriddemo.GirdDemo"/>
    </classes>
  </test> <!-- Test -->
</suite> <!-- Suite -->
